Kc,Ks,alpha,tf
0.000518277121045223,0.000350164635585136,0.000265636893317984,0
