Kc,Ks,alpha,tf,R²
0.0002810403487246341,0.00010942319379484345,0.0009460927778160759,2108.0068339868567,0.9879216522932872
