Kc,Ks,alpha,tf,R²
0.0002810403417997577,0.0001094233767196803,0.000946092090553159,2108.0101141428327,0.987921652293284
